{
	"floatList" : 
	{
		"female1" : 
		[
			0.0,
			0.0,
			0.0,
			0.0,
			0.0,
			0.0,
			0.0,
			0.0,
			0.0,
			0.0,
			0.5,
			0.0,
			0.0,
			0.0,
			0.0,
			0.0,
			0.10000000149011612,
			0.10000000149011612,
			0.25,
			0.25,
			0.25,
			0.25,
			0.0,
			0.0,
			0.30000001192092896,
			0.5,
			0.5,
			0.0,
			0.25,
			0.25,
			13.0,
			0.25
		]
	},
	"int" : 
	{
		"aggressor" : 0,
		"enabled" : 1,
		"normal" : 0,
		"victim" : 1
	},
	"string" : 
	{
		"name" : "UDAroused"
	}
}