{
	"floatList" : 
	{
		"female1" : 
		[
			0.5,
			0.0,
			0.0,
			0.0,
			0.0,
			0.0,
			0.0,
			0.0,
			0.0,
			0.0,
			0.0,
			0.5,
			0.0,
			0.0,
			0.0,
			0.0,
			0.20000000298023224,
			0.20000000298023224,
			0.0,
			0.0,
			0.0,
			0.0,
			0.4,
			0.4,
			0.0,
			0.0,
			0.0,
			0.75,
			0.0,
			0.0,
			10.0,
			0.5
		]
	},
	"int" : 
	{
		"aggressor" : 0,
		"enabled" : 1,
		"normal" : 0,
		"victim" : 1
	},
	"string" : 
	{
		"name" : "UDOrgasm"
	}
}